{"cameraMode":{"drawMode":0,"name":"Shaded","section":"Shading Mode"},"sceneLighting":true,"audioPlay":false,"sceneViewState":{"m_AlwaysRefresh":false,"showFog":true,"showSkybox":true,"showFlares":true,"showImageEffects":true,"showParticleSystems":true,"showVisualEffectGraphs":true,"m_FxEnabled":true},"in2DMode":false,"pivot":{"x":-1.3264286518096924,"y":0.862201452255249,"z":0.9658279418945313},"rotation":{"x":-0.040775228291749957,"y":0.033562738448381427,"z":-0.001370369573123753,"w":-0.9986041784286499},"size":4.883160591125488,"orthographic":false}